feature_id,page,section,action,triggered_api,expected_result,notes,disposition,implementation,verification,signoff,legacy_source_sha,source_evidence,decision_evidence,implementation_evidence,verification_evidence,target_feature_id
"LEGACY-S05-001","/admin/customers","筛选与分页","查询、清空、上一页、下一页","GET /admin/customers?keyword&owner&mobile&tag&offset","服务端按最多50条渲染客户列表并规范化非负offset","HTML导航；page_error由服务端渲染","UNREVIEWED","NOT_STARTED","NOT_RUN","PENDING_HUMAN_SIGNOFF","6cb989c071255437d75953dabb943318a74eb8f4","aicrm_next/crm/customer_read_model/admin_pages.py:94-124;aicrm_next/app/admin_console/templates/admin_console/customers.html:11-30,88-96","","","",""
"LEGACY-S05-002","/admin/customers","客户行","打开客户详情","GET /admin/customers/{unionid}","渲染客户详情或缺失占位页","无客户端写操作","UNREVIEWED","NOT_STARTED","NOT_RUN","PENDING_HUMAN_SIGNOFF","6cb989c071255437d75953dabb943318a74eb8f4","aicrm_next/app/admin_console/templates/admin_console/customers.html:67;aicrm_next/crm/customer_read_model/admin_pages.py:127-184","","","",""
"LEGACY-S05-003","/admin/customers/{unionid}","基础档案","展示客户资料","GET /admin/customers/{unionid}","服务端将customer_payload渲染为姓名、手机号、负责人、外部ID与unionid","模板虽含data-profile-url，但当前直接引入的三个脚本不消费它；不把JSON profile端点写成已触发","UNREVIEWED","NOT_STARTED","NOT_RUN","PENDING_HUMAN_SIGNOFF","6cb989c071255437d75953dabb943318a74eb8f4","aicrm_next/crm/customer_read_model/admin_pages.py:127-184;aicrm_next/app/admin_console/templates/admin_console/customer_detail.html:4-45,122-125;aicrm_next/app/admin_console/static/admin_console/customer_profile.js:4-20","","","",""
"LEGACY-S05-004","/admin/customers/{unionid}","标签","加载标签","GET /api/admin/customers/profile/tags","返回并渲染标签或空态","失败只影响当前区块","UNREVIEWED","NOT_STARTED","NOT_RUN","PENDING_HUMAN_SIGNOFF","6cb989c071255437d75953dabb943318a74eb8f4","aicrm_next/app/admin_console/static/admin_console/customer_profile_sections.js:112-121;aicrm_next/crm/customer_read_model/api.py:1287-1301","","","",""
"LEGACY-S05-005","/admin/customers/{unionid}","问卷","加载问卷答案","GET /api/admin/customers/profile/questionnaire-answers","返回answers、count、latest_assessment_result并渲染","无答案时显示空态","UNREVIEWED","NOT_STARTED","NOT_RUN","PENDING_HUMAN_SIGNOFF","6cb989c071255437d75953dabb943318a74eb8f4","aicrm_next/app/admin_console/static/admin_console/customer_profile_sections.js:124-133;aicrm_next/crm/customer_read_model/api.py:1304-1343","","","",""
"LEGACY-S05-006","/admin/customers/{unionid}","聊天记录","初始加载","GET /api/admin/customers/profile/messages","默认返回最多30条近期消息","失败显示区块级错误","UNREVIEWED","NOT_STARTED","NOT_RUN","PENDING_HUMAN_SIGNOFF","6cb989c071255437d75953dabb943318a74eb8f4","aicrm_next/app/admin_console/static/admin_console/customer_profile_sections.js:136-149;aicrm_next/crm/customer_read_model/api.py:1346-1377","","","",""
"LEGACY-S05-007","/admin/customers/{unionid}","聊天记录","获取全部聊天记录","GET /api/admin/customers/profile/messages?fetch_all=true","后端将请求上限提高到100条并重新渲染","请求期间按钮禁用并显示加载文案","UNREVIEWED","NOT_STARTED","NOT_RUN","PENDING_HUMAN_SIGNOFF","6cb989c071255437d75953dabb943318a74eb8f4","aicrm_next/app/admin_console/static/admin_console/customer_profile_sections.js:136-162;aicrm_next/crm/customer_read_model/api.py:1368-1397","","","",""
"LEGACY-S05-008","/admin/customers/{unionid}","缺失态","呈现缺失占位并返回客户列表","GET /admin/customers/{unionid};GET /admin/customers","找不到客户时以原状态码或404渲染placeholder；点击入口返回列表","这是HTML错误页而非JSON 404","UNREVIEWED","NOT_STARTED","NOT_RUN","PENDING_HUMAN_SIGNOFF","6cb989c071255437d75953dabb943318a74eb8f4","aicrm_next/crm/customer_read_model/admin_pages.py:129-157;aicrm_next/app/admin_console/templates/admin_console/placeholder.html:14,32","","","",""
"LEGACY-S05-009","/admin/customer-360/{unionid}","Customer 360","展示档案或缺失态","GET /admin/customer-360/{unionid}","服务端渲染360档案；失败渲染placeholder","页面本身没有AJAX","UNREVIEWED","NOT_STARTED","NOT_RUN","PENDING_HUMAN_SIGNOFF","6cb989c071255437d75953dabb943318a74eb8f4","aicrm_next/crm/customer_read_model/admin_pages.py:187-233;aicrm_next/app/admin_console/templates/admin_console/customer_360.html:4,10","","","",""
"LEGACY-S05-010","/admin/wecom-tags","标签目录","首屏加载","GET /api/admin/wecom/tags","消费groups、total_tags、tag_limit、synced_at并渲染","UI不调用已存在的GET /tag-groups；失败清空列表","UNREVIEWED","NOT_STARTED","NOT_RUN","PENDING_HUMAN_SIGNOFF","6cb989c071255437d75953dabb943318a74eb8f4","aicrm_next/crm/customer_tags/static/admin_console/wecom_tag_management.js:41-51,274-295;aicrm_next/crm/customer_tags/api.py:60-65","","","",""
"LEGACY-S05-011","/admin/wecom-tags","搜索、组选中与分页","本地筛选和翻页","无","对已加载的groups和tags本地过滤；每页20条","上下页在边界禁用","UNREVIEWED","NOT_STARTED","NOT_RUN","PENDING_HUMAN_SIGNOFF","6cb989c071255437d75953dabb943318a74eb8f4","aicrm_next/crm/customer_tags/static/admin_console/wecom_tag_management.js:145-153,209-241,542-546","","","",""
"LEGACY-S05-012","/admin/wecom-tags","顶部操作","同步企微标签","POST /api/admin/wecom/tags/sync","成功后重新读取catalog并显示同步成功","带随机Idempotency-Key；busy期间除关闭弹窗外全部按钮禁用","UNREVIEWED","NOT_STARTED","NOT_RUN","PENDING_HUMAN_SIGNOFF","6cb989c071255437d75953dabb943318a74eb8f4","aicrm_next/crm/customer_tags/static/admin_console/wecom_tag_management.js:92-103,298-318;aicrm_next/crm/customer_tags/api.py:107-126","","","",""
"LEGACY-S05-013","/admin/wecom-tags","标签组","新增标签组","POST /api/admin/wecom/tag-groups","提交group_name和first_tag_name；成功后刷新并选中新组","字段必填；失败展示名称或权限提示","UNREVIEWED","NOT_STARTED","NOT_RUN","PENDING_HUMAN_SIGNOFF","6cb989c071255437d75953dabb943318a74eb8f4","aicrm_next/crm/customer_tags/static/admin_console/wecom_tag_management.js:332-340,416-425;aicrm_next/crm/customer_tags/api.py:129-171","","","",""
"LEGACY-S05-014","/admin/wecom-tags","标签组","编辑组名","PUT /api/admin/wecom/tag-groups/{group_id}","更新组名后刷新并保持选中","缺group_id时客户端要求先同步","UNREVIEWED","NOT_STARTED","NOT_RUN","PENDING_HUMAN_SIGNOFF","6cb989c071255437d75953dabb943318a74eb8f4","aicrm_next/crm/customer_tags/static/admin_console/wecom_tag_management.js:361-370,440-447;aicrm_next/crm/customer_tags/api.py:134-148","","","",""
"LEGACY-S05-015","/admin/wecom-tags","标签组","删除标签组","DELETE /api/admin/wecom/tag-groups/{group_id}","删除后刷新catalog","需要window.confirm；UI明示组下标签同时删除且不可恢复","UNREVIEWED","NOT_STARTED","NOT_RUN","PENDING_HUMAN_SIGNOFF","6cb989c071255437d75953dabb943318a74eb8f4","aicrm_next/crm/customer_tags/static/admin_console/wecom_tag_management.js:464-483;aicrm_next/crm/customer_tags/api.py:134-148","","","",""
"LEGACY-S05-016","/admin/wecom-tags","标签","新增标签","POST /api/admin/wecom/tags","提交group_id、group_name、tag_name并刷新catalog","1000个时禁用新增；900个起显示容量预警","UNREVIEWED","NOT_STARTED","NOT_RUN","PENDING_HUMAN_SIGNOFF","6cb989c071255437d75953dabb943318a74eb8f4","aicrm_next/crm/customer_tags/static/admin_console/wecom_tag_management.js:168-185,342-359,426-438;aicrm_next/crm/customer_tags/api.py:140-171","","","",""
"LEGACY-S05-017","/admin/wecom-tags","标签行","编辑标签","PUT /api/admin/wecom/tags/{tag_id}","更新名称后重新加载catalog","错误留在页面反馈区","UNREVIEWED","NOT_STARTED","NOT_RUN","PENDING_HUMAN_SIGNOFF","6cb989c071255437d75953dabb943318a74eb8f4","aicrm_next/crm/customer_tags/static/admin_console/wecom_tag_management.js:386-395,449-461;aicrm_next/crm/customer_tags/api.py:145-177","","","",""
"LEGACY-S05-018","/admin/wecom-tags","标签行","删除标签","DELETE /api/admin/wecom/tags/{tag_id}","删除后刷新catalog","需要window.confirm；缺tag_id时客户端阻断","UNREVIEWED","NOT_STARTED","NOT_RUN","PENDING_HUMAN_SIGNOFF","6cb989c071255437d75953dabb943318a74eb8f4","aicrm_next/crm/customer_tags/static/admin_console/wecom_tag_management.js:485-503;aicrm_next/crm/customer_tags/api.py:145-177","","","",""
"LEGACY-S05-019","/admin/wecom-tags","标签详情","查看详情、复制tag_id","无","从已加载catalog展示详情并写入Clipboard","复制失败要求手工复制","UNREVIEWED","NOT_STARTED","NOT_RUN","PENDING_HUMAN_SIGNOFF","6cb989c071255437d75953dabb943318a74eb8f4","aicrm_next/crm/customer_tags/static/admin_console/wecom_tag_management.js:372-409,505-552","","","",""
"LEGACY-S05-020","/sidebar/bind-mobile","启动与身份识别","读取JSSDK配置","GET /api/sidebar/jssdk-config?url&external_userid","返回企微JSSDK配置和可能的sidebar owner context","URL输入错误400；配置错误502；浏览器阶段超时5秒","UNREVIEWED","NOT_STARTED","NOT_RUN","PENDING_HUMAN_SIGNOFF","6cb989c071255437d75953dabb943318a74eb8f4","aicrm_next/app/admin_console/static/sidebar_workbench/sidebar_workbench.js:353-430,1920-2051;aicrm_next/crm/identity_contact/sidebar_jssdk.py:49-108","","","",""
"LEGACY-S05-021","/sidebar/bind-mobile","OAuth回退","发起并完成侧边栏OAuth","GET /api/sidebar/oauth/start;GET /api/sidebar/oauth/callback","start重定向到微信OAuth；callback建立员工session并重定向回侧边栏","未启用或缺配置为503；callback可能真实外呼，未运行验证","UNREVIEWED","NOT_STARTED","NOT_RUN","PENDING_HUMAN_SIGNOFF","6cb989c071255437d75953dabb943318a74eb8f4","aicrm_next/app/admin_console/static/sidebar_workbench/sidebar_workbench.js:485-531;aicrm_next/crm/identity_contact/sidebar_jssdk.py:186-332","","","",""
"LEGACY-S05-022","/sidebar/bind-mobile","owner token恢复","重新签发客户范围token","POST /api/sidebar/context-token","返回sidebar_owner_token及owner context","缺external_userid为400；无viewer session时HTTP 200但状态viewer_session_required；corp不符403","UNREVIEWED","NOT_STARTED","NOT_RUN","PENDING_HUMAN_SIGNOFF","6cb989c071255437d75953dabb943318a74eb8f4","aicrm_next/app/admin_console/static/sidebar_workbench/sidebar_workbench.js:432-463;aicrm_next/crm/identity_contact/sidebar_jssdk.py:111-183","","","",""
"LEGACY-S05-023","/sidebar/bind-mobile","工作台首页","加载workbench","GET /api/sidebar/v2/workbench?external_userid&owner_userid","返回customer、profile、workflow和diagnostics并渲染","缺external_userid为400；scope 403；找不到404；异常统一为sidebar错误态","UNREVIEWED","NOT_STARTED","NOT_RUN","PENDING_HUMAN_SIGNOFF","6cb989c071255437d75953dabb943318a74eb8f4","aicrm_next/app/admin_console/static/sidebar_workbench/sidebar_workbench.js:1402-1430;aicrm_next/crm/customer_read_model/api.py:849-883","","","",""
"LEGACY-S05-024","/sidebar/bind-mobile","核心画像","自动保存画像字段","PUT /api/sidebar/v2/profile","提交来源、行业、描述、需求卡点和更新人；成功提示已保存","textarea使用520毫秒debounce；失败toast；请求附owner token","UNREVIEWED","NOT_STARTED","NOT_RUN","PENDING_HUMAN_SIGNOFF","6cb989c071255437d75953dabb943318a74eb8f4","aicrm_next/app/admin_console/static/sidebar_workbench/sidebar_workbench.js:873-897,2098-2129;aicrm_next/crm/sidebar_write/api.py:69-117","","","",""
"LEGACY-S05-025","/sidebar/bind-mobile","手机号","更改或重新绑定手机号","POST /api/sidebar/bind-mobile","提交external_userid、mobile和force_rebind；成功更新页头绑定状态","owner_pending时客户端阻断；保存期间按钮禁用","UNREVIEWED","NOT_STARTED","NOT_RUN","PENDING_HUMAN_SIGNOFF","6cb989c071255437d75953dabb943318a74eb8f4","aicrm_next/app/admin_console/static/sidebar_workbench/sidebar_workbench.js:1865-1908;aicrm_next/crm/sidebar_write/api.py:39-117","","","",""
"LEGACY-S05-026","/sidebar/bind-mobile","问卷","加载和展开答案","GET /api/sidebar/v2/questionnaires","返回问卷列表并允许本地展开答案","workbench未ready时非profile tab禁用","UNREVIEWED","NOT_STARTED","NOT_RUN","PENDING_HUMAN_SIGNOFF","6cb989c071255437d75953dabb943318a74eb8f4","aicrm_next/app/admin_console/static/sidebar_workbench/sidebar_workbench.js:835-843,993-1017,1442-1445;aicrm_next/crm/customer_read_model/api.py:886-919","","","",""
"LEGACY-S05-027","/sidebar/bind-mobile","用户时间线","首屏、刷新、加载更多","GET /api/sidebar/v2/timeline?limit=20&offset","返回items、total、has_more、next_offset并分页渲染","后端limit为1至100；失败显示重试；仅has_more时显示加载更多","UNREVIEWED","NOT_STARTED","NOT_RUN","PENDING_HUMAN_SIGNOFF","6cb989c071255437d75953dabb943318a74eb8f4","aicrm_next/app/admin_console/static/sidebar_workbench/sidebar_workbench.js:1590-1642,2169-2189;aicrm_next/crm/customer_read_model/api.py:922-957","","","",""
"LEGACY-S05-028","/sidebar/bind-mobile","时间线来源","打开原问卷或订单","无新增REST请求","问卷切换到已加载问卷tab；订单在新窗口打开detail_url","找不到submission时显示错误toast","UNREVIEWED","NOT_STARTED","NOT_RUN","PENDING_HUMAN_SIGNOFF","6cb989c071255437d75953dabb943318a74eb8f4","aicrm_next/app/admin_console/static/sidebar_workbench/sidebar_workbench.js:1688-1717,2191-2201","","","",""
"LEGACY-S05-029","/sidebar/bind-mobile","商品","加载商品并发送卡片","GET /api/sidebar/v2/products;WeCom JSSDK sendChatMessage","返回普通和周期商品；点击发送后企微JSSDK发送news卡片","REST读取成功不等于外部企微发送成功；真实发送未验证","UNREVIEWED","NOT_STARTED","NOT_RUN","PENDING_HUMAN_SIGNOFF","6cb989c071255437d75953dabb943318a74eb8f4","aicrm_next/app/admin_console/static/sidebar_workbench/sidebar_workbench.js:1445-1449,1788-1847;aicrm_next/crm/customer_read_model/api.py:1062-1099","","","",""
"LEGACY-S05-030","/sidebar/bind-mobile","订单","切换普通或周期订单并打开详情","GET /api/sidebar/v2/orders;GET /api/sidebar/v2/periodic-orders","返回相应订单列表；详情在新窗口打开","切换失败显示重试；detail_url为空时本地错误toast","UNREVIEWED","NOT_STARTED","NOT_RUN","PENDING_HUMAN_SIGNOFF","6cb989c071255437d75953dabb943318a74eb8f4","aicrm_next/app/admin_console/static/sidebar_workbench/sidebar_workbench.js:744-753,1476-1495,1571-1588;aicrm_next/crm/customer_read_model/api.py:1102-1173","","","",""
"LEGACY-S05-031","/sidebar/bind-mobile","周期订单备注","保存备注","PUT /api/sidebar/v2/periodic-orders/{entitlement_id}/remark","返回更新后的periodic_order且write_model_status=updated","520毫秒debounce；blur时立即保存；失败toast","UNREVIEWED","NOT_STARTED","NOT_RUN","PENDING_HUMAN_SIGNOFF","6cb989c071255437d75953dabb943318a74eb8f4","aicrm_next/app/admin_console/static/sidebar_workbench/sidebar_workbench.js:899-930,2105-2123;aicrm_next/crm/customer_read_model/api.py:1176-1236","","","",""
"LEGACY-S05-032","/sidebar/bind-mobile","图片素材","搜索和无限分页","GET /api/sidebar/v2/materials?type=image&limit=5&offset&q","返回materials、total、has_more、next_offset和quick_keywords","q截断为100字符；面板缓存2分钟；新搜索取消旧请求","UNREVIEWED","NOT_STARTED","NOT_RUN","PENDING_HUMAN_SIGNOFF","6cb989c071255437d75953dabb943318a74eb8f4","aicrm_next/app/admin_console/static/sidebar_workbench/sidebar_workbench.js:1279-1296,1497-1569;aicrm_next/crm/customer_read_model/api.py:960-969","","","",""
"LEGACY-S05-033","/sidebar/bind-mobile","素材缩略图","异步加载缩略图","GET /api/sidebar/v2/materials/image/{image_id}/thumbnail","可能返回图片、302、304或带pending响应头；客户端最终呈现ready或error","queued是浏览器资源队列；429和503可重试；pending不代表生成完成","UNREVIEWED","NOT_STARTED","NOT_RUN","PENDING_HUMAN_SIGNOFF","6cb989c071255437d75953dabb943318a74eb8f4","aicrm_next/app/admin_console/static/sidebar_workbench/sidebar_workbench.js:1194-1244;aicrm_next/app/admin_console/static/admin_console/image_resource_loader.js:90-139,180-224;aicrm_next/crm/customer_read_model/api.py:972-1016","","","",""
"LEGACY-S05-034","/sidebar/bind-mobile","图片素材","发送图片到当前会话","POST /api/sidebar/v2/materials/send;WeCom JSSDK sendChatMessage","REST先取得media_id，再调用企微JSSDK发送image","REST成功不等于企微发送成功；按钮期间禁用；真实外部效果未验证","UNREVIEWED","NOT_STARTED","NOT_RUN","PENDING_HUMAN_SIGNOFF","6cb989c071255437d75953dabb943318a74eb8f4","aicrm_next/app/admin_console/static/sidebar_workbench/sidebar_workbench.js:1719-1741,1849-1863,2245-2252;aicrm_next/crm/sidebar_write/api.py:74-117","","","",""
"LEGACY-S05-035","/sidebar/bind-mobile","其他客服聊天","加载聊天记录","GET /api/sidebar/v2/other-staff-messages?external_userid&current_userid&limit=20","返回其他客服消息并仅展示text或image类型的最后20条","owner_pending时不发请求并提示员工身份待确认","UNREVIEWED","NOT_STARTED","NOT_RUN","PENDING_HUMAN_SIGNOFF","6cb989c071255437d75953dabb943318a74eb8f4","aicrm_next/app/admin_console/static/sidebar_workbench/sidebar_workbench.js:1352-1377,1455-1472;aicrm_next/crm/customer_read_model/api.py:1019-1058","","","",""
"LEGACY-S05-036","/login","登录入口","点击QR或OAuth链接","服务端生成的login_links href","进入对应认证入口","具体URL未在允许的UI源码中静态解析；已有session时302到安全next","UNREVIEWED","NOT_STARTED","NOT_RUN","PENDING_HUMAN_SIGNOFF","6cb989c071255437d75953dabb943318a74eb8f4","aicrm_next/app/admin_console/templates/admin_console/login.html:39,42;aicrm_next/platform/admin_auth/api.py:29-39","","","",""
"LEGACY-S05-037","shared shell","会话","退出后台","GET /logout","撤销browser session、删除session和CSRF cookie并302到/login","shared shell动作，不归属其它页面组","UNREVIEWED","NOT_STARTED","NOT_RUN","PENDING_HUMAN_SIGNOFF","6cb989c071255437d75953dabb943318a74eb8f4","aicrm_next/app/admin_console/templates/admin_console/base.html:65;aicrm_next/platform/admin_auth/api.py:47-55","","","",""
"LEGACY-S05-038","/admin/config","配置类目列表","切换类目enabled","PUT /api/admin/config/categories/{category_key}/enabled","保存类目开关并更新状态文字","保存中checkbox禁用；失败恢复原值","UNREVIEWED","NOT_STARTED","NOT_RUN","PENDING_HUMAN_SIGNOFF","6cb989c071255437d75953dabb943318a74eb8f4","aicrm_next/app/admin_console/templates/admin_console/config_center.html:28-53,69;aicrm_next/app/admin_console/static/admin_console/config_center.js:34-58;aicrm_next/platform/admin_config/api.py:981-1004","","","",""
"LEGACY-S05-039","/admin/config/detail/{category_key}","配置详情","保存设置或执行检查","PUT /api/admin/config/categories/{category_key}/settings;POST /api/admin/config/categories/{category_key}/check","保存返回changed和config；检查依据summary.failed显示通过或失败","disabled和readOnly字段不提交；按钮执行时禁用","UNREVIEWED","NOT_STARTED","NOT_RUN","PENDING_HUMAN_SIGNOFF","6cb989c071255437d75953dabb943318a74eb8f4","aicrm_next/app/admin_console/templates/admin_console/config_category_detail.html:12-29,121-130;aicrm_next/app/admin_console/static/admin_console/config_center.js:61-130;aicrm_next/platform/admin_config/api.py:1007-1054","","","",""
"LEGACY-S05-040","/admin/config/detail/admin_access","管理员访问","选择成员并保存登录权限","OperationMemberPicker.open（shared component；transport outside frozen source set）;POST /admin/config/login-access/save","共享组件选择成员后提交登录权限并302回详情页","未冻结共享组件transport；未选成员时阻止提交；super_admin自动启用login和transfer confirm","UNREVIEWED","NOT_STARTED","NOT_RUN","PENDING_HUMAN_SIGNOFF","6cb989c071255437d75953dabb943318a74eb8f4","aicrm_next/app/admin_console/templates/admin_console/config_admin_access_detail.html:224-270;aicrm_next/app/admin_console/static/admin_console/config_center.js:142-224;aicrm_next/platform/admin_config/api.py:1440-1449","","","",""
"LEGACY-S05-041","/admin/config/api-key","API Key","生成","POST /api/admin/config/api-key/generate","confirm=true时创建并启用key；成功HTTP 201且完整key一次性展示","仅配置管理员或超级管理员；关闭弹窗后清空完整key","UNREVIEWED","NOT_STARTED","NOT_RUN","PENDING_HUMAN_SIGNOFF","6cb989c071255437d75953dabb943318a74eb8f4","aicrm_next/app/admin_console/static/admin_console/direct_api_key_config.js:13-43,163-193;aicrm_next/platform/admin_config/direct_api_key_api.py:112-129","","","",""
"LEGACY-S05-042","/admin/config/api-key","API Key","轮换","POST /api/admin/config/api-key/rotate","confirm=true时轮换并一次性展示新key","UI明示旧key立即失效；真实调用未执行","UNREVIEWED","NOT_STARTED","NOT_RUN","PENDING_HUMAN_SIGNOFF","6cb989c071255437d75953dabb943318a74eb8f4","aicrm_next/app/admin_console/static/admin_console/direct_api_key_config.js:24-33,174-193;aicrm_next/platform/admin_config/direct_api_key_api.py:132-148","","","",""
"LEGACY-S05-043","/admin/config/api-key","API Key","停用","PUT /api/admin/config/api-key/enabled","提交enabled=false和confirm=true后停用当前key","尝试直接重新启用返回409 direct_api_key_reactivation_requires_rotation","UNREVIEWED","NOT_STARTED","NOT_RUN","PENDING_HUMAN_SIGNOFF","6cb989c071255437d75953dabb943318a74eb8f4","aicrm_next/app/admin_console/static/admin_console/direct_api_key_config.js:34-42,174-203;aicrm_next/platform/admin_config/direct_api_key_api.py:151-164","","","",""
"LEGACY-S05-044","/admin/config/api-clients","Client列表","筛选、新建导航、打开详情","GET /admin/config/api-clients?q&status","服务端筛选并渲染client列表","页面未调用JSON resource；非法filter可返回400","UNREVIEWED","NOT_STARTED","NOT_RUN","PENDING_HUMAN_SIGNOFF","6cb989c071255437d75953dabb943318a74eb8f4","aicrm_next/app/admin_console/templates/admin_console/config_api_clients.html:33-74;aicrm_next/platform/admin_config/api.py:359-384","","","",""
"LEGACY-S05-045","/admin/config/api-clients/new","Client表单","创建client","POST /api/admin/config/api-clients","成功HTTP 201并一次性展示Client Secret","仅超级管理员；成功后禁用整张创建form","UNREVIEWED","NOT_STARTED","NOT_RUN","PENDING_HUMAN_SIGNOFF","6cb989c071255437d75953dabb943318a74eb8f4","aicrm_next/app/admin_console/static/admin_console/api_client_config.js:271-307;aicrm_next/platform/admin_config/api.py:763-811","","","",""
"LEGACY-S05-046","/admin/config/api-clients/{client_id}","Client配置","保存配置","PUT /api/admin/config/api-clients/{client_id}","更新display_name、TTL和CIDR后reload页面","启用中的client需要先停用再修改","UNREVIEWED","NOT_STARTED","NOT_RUN","PENDING_HUMAN_SIGNOFF","6cb989c071255437d75953dabb943318a74eb8f4","aicrm_next/app/admin_console/static/admin_console/api_client_config.js:271-307;aicrm_next/platform/admin_config/api.py:814-848","","","",""
"LEGACY-S05-047","/admin/config/api-clients/{client_id}","Client Secret","轮换Secret","POST /api/admin/config/api-clients/{client_id}/rotate-secret","生成一次性新Secret并等待自检启用","UI明示旧Secret及已签Access Token失效，client立即停用","UNREVIEWED","NOT_STARTED","NOT_RUN","PENDING_HUMAN_SIGNOFF","6cb989c071255437d75953dabb943318a74eb8f4","aicrm_next/app/admin_console/static/admin_console/api_client_config.js:237-264;aicrm_next/platform/admin_config/api.py:890-924","","","",""
"LEGACY-S05-048","/admin/config/api-clients/{client_id}","Client状态","停用","PUT /api/admin/config/api-clients/{client_id}/enabled","提交enabled=false和confirm=true后停用并更新状态","enabled非false时返回409 activation_requires_secret_self_check","UNREVIEWED","NOT_STARTED","NOT_RUN","PENDING_HUMAN_SIGNOFF","6cb989c071255437d75953dabb943318a74eb8f4","aicrm_next/app/admin_console/static/admin_console/api_client_config.js:250-258;aicrm_next/platform/admin_config/api.py:927-954","","","",""
"LEGACY-S05-049","/admin/config/api-clients/{client_id}","Secret自检","启用client","POST /api/admin/config/api-clients/{client_id}/activate","Secret自检通过后启用client","已复制确认前按钮禁用；请求完成后清空Secret","UNREVIEWED","NOT_STARTED","NOT_RUN","PENDING_HUMAN_SIGNOFF","6cb989c071255437d75953dabb943318a74eb8f4","aicrm_next/app/admin_console/static/admin_console/api_client_config.js:190-235,335-350;aicrm_next/platform/admin_config/api.py:851-887","","","",""
"LEGACY-S05-050","/admin/config/detail/{category_key}","推送能力","首屏加载或刷新","GET /api/admin/config/push-capabilities","返回capabilities、summary、scheduler和脱敏advanced配置","仅special_view类目渲染本页；空列表显示暂无数据；刷新期间按钮禁用","UNREVIEWED","NOT_STARTED","NOT_RUN","PENDING_HUMAN_SIGNOFF","6cb989c071255437d75953dabb943318a74eb8f4","aicrm_next/app/admin_console/templates/admin_console/config_push_capabilities.html:308-330;aicrm_next/platform/admin_config/api.py:442-468,1240-1243","","","",""
"LEGACY-S05-051","/admin/config/detail/{category_key}","统一队列调度器","切换enabled","PATCH /api/admin/config/push-capabilities/scheduler","更新scheduler并刷新页面数据","仅special_view类目渲染本页；缺action token时回滚勾选；UI明示仍需生产timer调用worker","UNREVIEWED","NOT_STARTED","NOT_RUN","PENDING_HUMAN_SIGNOFF","6cb989c071255437d75953dabb943318a74eb8f4","aicrm_next/app/admin_console/templates/admin_console/config_push_capabilities.html:361-388;aicrm_next/platform/admin_config/api.py:442-468,1245-1264","","","",""
"LEGACY-S05-052","/admin/config/detail/{category_key}","能力行","切换真实执行许可","PATCH /api/admin/config/push-capabilities/{capability_key}","返回capability和derived_gates并刷新","仅special_view类目渲染本页；toggleable=false显示只读；缺token或失败时回滚勾选","UNREVIEWED","NOT_STARTED","NOT_RUN","PENDING_HUMAN_SIGNOFF","6cb989c071255437d75953dabb943318a74eb8f4","aicrm_next/app/admin_console/templates/admin_console/config_push_capabilities.html:256-289,332-359;aicrm_next/platform/admin_config/api.py:442-468,1267-1291","","","",""
"LEGACY-S05-053","/admin/config/app-settings","系统设置","筛选并保存setting","GET /admin/config/app-settings?q&scope;POST /admin/config/app-settings/save","筛选渲染设置；保存成功或失败均302回页面并带状态query","action token和confirm必需；敏感字段仅显示掩码","UNREVIEWED","NOT_STARTED","NOT_RUN","PENDING_HUMAN_SIGNOFF","6cb989c071255437d75953dabb943318a74eb8f4","aicrm_next/app/admin_console/templates/admin_console/config_app_settings.html:15-30,78,116;aicrm_next/platform/admin_config/api.py:524-562","","","",""
"LEGACY-S05-054","/admin/config/releases/new","配置发布","创建草稿","POST /admin/config/releases","创建draft后302到release详情页","action token和confirm必需；错误302回新建页","UNREVIEWED","NOT_STARTED","NOT_RUN","PENDING_HUMAN_SIGNOFF","6cb989c071255437d75953dabb943318a74eb8f4","aicrm_next/app/admin_console/templates/admin_console/config_release_new.html:10-47;aicrm_next/platform/admin_config/api.py:629-643","","","",""
"LEGACY-S05-055","/admin/config/releases/{release_id}","配置发布","校验","POST /admin/config/releases/{release_id}/validate","成功302回detail并附validated=1","token错误或业务错误均302回detail","UNREVIEWED","NOT_STARTED","NOT_RUN","PENDING_HUMAN_SIGNOFF","6cb989c071255437d75953dabb943318a74eb8f4","aicrm_next/app/admin_console/templates/admin_console/config_release_detail.html:95-97;aicrm_next/platform/admin_config/api.py:674-683","","","",""
"LEGACY-S05-056","/admin/config/releases/{release_id}","配置发布","发布","POST /admin/config/releases/{release_id}/publish","按checksum发布成功后302到列表并附published=1","confirm必需；未执行真实发布","UNREVIEWED","NOT_STARTED","NOT_RUN","PENDING_HUMAN_SIGNOFF","6cb989c071255437d75953dabb943318a74eb8f4","aicrm_next/app/admin_console/templates/admin_console/config_release_detail.html:103-111;aicrm_next/platform/admin_config/api.py:686-701","","","",""
"LEGACY-S05-057","/admin/config/releases/{release_id}","配置发布","回滚","POST /admin/config/releases/{release_id}/rollback","成功创建回滚结果并302到列表附rolled_back=1","confirm必需；未执行真实回滚","UNREVIEWED","NOT_STARTED","NOT_RUN","PENDING_HUMAN_SIGNOFF","6cb989c071255437d75953dabb943318a74eb8f4","aicrm_next/app/admin_console/templates/admin_console/config_release_detail.html:116-123;aicrm_next/platform/admin_config/api.py:704-718","","","",""
"LEGACY-S05-058","/admin/runtime-config","运行配置快照","查看","GET /admin/runtime-config","服务端渲染数据库模式、release、callback、OAuth、企微和支付预检状态","源码明确不展示secrets；页面无JSON fetch","UNREVIEWED","NOT_STARTED","NOT_RUN","PENDING_HUMAN_SIGNOFF","6cb989c071255437d75953dabb943318a74eb8f4","aicrm_next/platform/admin_config/api.py:482-496;aicrm_next/app/admin_console/templates/admin_console/real_data_page.html:25-54","","","",""
"LEGACY-S05-059","/admin/api-docs","API文档","搜索和复制","GET /admin/api-docs","服务端基于request.app.routes生成文档；搜索和复制均在浏览器本地完成","未发现页面AJAX调用","UNREVIEWED","NOT_STARTED","NOT_RUN","PENDING_HUMAN_SIGNOFF","6cb989c071255437d75953dabb943318a74eb8f4","aicrm_next/platform/admin_config/api.py:499-516;aicrm_next/app/admin_console/templates/admin_console/api_docs.html:573","","","",""
"LEGACY-S05-060","/admin/config/checklist","配置检查清单","跳转设置或配置向导","无","服务端渲染checklist并提供导航链接","无写API","UNREVIEWED","NOT_STARTED","NOT_RUN","PENDING_HUMAN_SIGNOFF","6cb989c071255437d75953dabb943318a74eb8f4","aicrm_next/app/admin_console/templates/admin_console/config_checklist.html:55-56;aicrm_next/platform/admin_config/api.py:1452-1464","","","",""
"LEGACY-S05-061","/setup/wizard","配置向导","保存","POST /setup/wizard/save","保存后在同一模板渲染validation_errors和save_success","token错误或校验失败不采用302","UNREVIEWED","NOT_STARTED","NOT_RUN","PENDING_HUMAN_SIGNOFF","6cb989c071255437d75953dabb943318a74eb8f4","aicrm_next/app/admin_console/templates/admin_console/setup_wizard.html:14,71-82;aicrm_next/platform/admin_config/api.py:1479-1498","","","",""
"LEGACY-S05-062","API-only","OAuth token","client credentials换取token","POST /oauth/token","成功返回access_token、token_type、expires_in、scope并设置no-store","无S05页面引用；生产非HTTPS为400；401带WWW-Authenticate","UNREVIEWED","NOT_STARTED","NOT_RUN","PENDING_HUMAN_SIGNOFF","6cb989c071255437d75953dabb943318a74eb8f4","aicrm_next/platform/platform_foundation/auth_platform/api.py:56-92,117-121","","","",""
"LEGACY-S05-063","API-only","Admin jobs","读取summary或执行run和ack","GET /api/admin/jobs/*;POST /api/admin/jobs/archive-sync/run;POST /api/admin/jobs/message-batches/{batch_id}/ack","读取返回结构化jobs投影；写操作返回执行结果","无S05模板引用；写操作需要action token；错误为401或400","UNREVIEWED","NOT_STARTED","NOT_RUN","PENDING_HUMAN_SIGNOFF","6cb989c071255437d75953dabb943318a74eb8f4","aicrm_next/platform/admin_jobs/routes.py:82-151","","","",""
"LEGACY-S05-064","API-only","Broadcast jobs","异步校验或小时报告","POST /api/admin/broadcast-jobs/notification-settings/feishu/validate;POST /api/admin/broadcast-jobs/feishu-hourly-report/run","Feishu校验成功返回HTTP 202；小时报告仅在status为queued或sent时ok=true","无S05页面消费queued状态；queued不得解释为已发送","UNREVIEWED","NOT_STARTED","NOT_RUN","PENDING_HUMAN_SIGNOFF","6cb989c071255437d75953dabb943318a74eb8f4","aicrm_next/platform/admin_jobs/routes.py:199-224","","","",""
"LEGACY-S05-065","API-only","订单身份修复","调用已退休route","POST /api/admin/jobs/order-identity-repair/run","固定返回HTTP 410、retired=true和replacement=current_order_customer_identity_projection","retired仅是源码响应事实，不是本矩阵赋予的disposition","UNREVIEWED","NOT_STARTED","NOT_RUN","PENDING_HUMAN_SIGNOFF","6cb989c071255437d75953dabb943318a74eb8f4","aicrm_next/platform/admin_jobs/routes.py:242-259","","","",""
"LEGACY-S05-066","API-only","旧配置API","调用routing、signup-tags或class-term-tags接口","GET|POST /api/admin/config/routing*;GET|POST /api/admin/config/signup-tags;GET|POST /api/admin/config/class-term-tags","源码固定抛出HTTP 404并在detail中声明对应API retired","现有S05模板未引用；不能据此推断V2迁移disposition","UNREVIEWED","NOT_STARTED","NOT_RUN","PENDING_HUMAN_SIGNOFF","6cb989c071255437d75953dabb943318a74eb8f4","aicrm_next/platform/admin_config/api.py:1363-1395","","","",""
"LEGACY-S06-001","/admin/channels","渠道列表","加载渠道、统计指标与本地关键词过滤","GET /api/admin/channels?limit=300","渲染渠道列表、总数、链接数和进入人数；关键词仅过滤已加载行","列表不是企微真源查询；本地筛选不改变服务端数据","UNREVIEWED","NOT_STARTED","NOT_RUN","PENDING_HUMAN_SIGNOFF","6cb989c071255437d75953dabb943318a74eb8f4","aicrm_next/automation/automation_engine/static/admin_console/channel_code_center_next.js:1-46,228-250;aicrm_next/automation/automation_engine/channels_api.py:1024-1039","","","",""
"LEGACY-S06-002","/admin/channels","渠道用户抽屉","打开单个渠道的近期进入用户","GET /api/admin/channels/{channel_id}/contacts?limit=20","在抽屉展示客户名称和进入次数，失败时显示空列表","仅为本地渠道进入读模型；不能据此断言企微联系人或身份归因已经真实同步","UNREVIEWED","NOT_STARTED","NOT_RUN","PENDING_HUMAN_SIGNOFF","6cb989c071255437d75953dabb943318a74eb8f4","aicrm_next/automation/automation_engine/static/admin_console/channel_code_center_next.js:327-348;aicrm_next/automation/automation_engine/channels_api.py:1159-1167","","","",""
"LEGACY-S06-003","/admin/channels","渠道状态","启用、下架或归档渠道","PATCH /api/admin/channels/{channel_id}","更新渠道资源状态并原地刷新或移除列表行","状态变化不等于企微侧二维码、获客链接或欢迎语已经生效","UNREVIEWED","NOT_STARTED","NOT_RUN","PENDING_HUMAN_SIGNOFF","6cb989c071255437d75953dabb943318a74eb8f4","aicrm_next/automation/automation_engine/static/admin_console/channel_code_center_next.js:165-179,301-324;aicrm_next/automation/automation_engine/channels_api.py:1059-1072","","","",""
"LEGACY-S06-004","/admin/channels","二维码","生成或下载渠道二维码","POST /api/admin/channels/{channel_id}/qrcode/generate; GET /api/admin/channels/{channel_id}/qrcode/download","生成请求成功后刷新页面；可下载资源由服务端图片客户端拉取并转为 JPEG","源码存在受控外部图片拉取边界；生成或下载不是企微侧可用、扫码成功或欢迎语已发送的证据，URL trust、provider receipt 和真实扫码保持 G1","UNREVIEWED","NOT_STARTED","NOT_RUN","PENDING_HUMAN_SIGNOFF","6cb989c071255437d75953dabb943318a74eb8f4","aicrm_next/automation/automation_engine/static/admin_console/channel_code_center_next.js:141-203,253-299;aicrm_next/channels/channel_entry/api.py:80-99;aicrm_next/automation/automation_engine/channels_api.py:1181-1228","","","",""
"LEGACY-S06-005","/admin/channels","获客链接","复制或系统分享已保存链接","无","复制 copy_text/share_url/final_url/link_url 到本地剪贴板或调用浏览器分享","无服务端发送或企微调用；链接可用性、跳转和归因均未验证","UNREVIEWED","NOT_STARTED","NOT_RUN","PENDING_HUMAN_SIGNOFF","6cb989c071255437d75953dabb943318a74eb8f4","aicrm_next/automation/automation_engine/static/admin_console/channel_code_center_next.js:48-103,196-203,271-280","","","",""
"LEGACY-S06-006","/admin/channels/new 与 /admin/channels/{channel_id}/edit","渠道表单","进入新建或编辑页面","GET /admin/channels/new; GET /admin/channels/{channel_id}/edit","渲染渠道表单；缺失渠道渲染 404 placeholder","页面上下文不证明已有渠道已在真实企微创建或读取成功","UNREVIEWED","NOT_STARTED","NOT_RUN","PENDING_HUMAN_SIGNOFF","6cb989c071255437d75953dabb943318a74eb8f4","aicrm_next/automation/automation_engine/channel_admin_pages.py:71-142;aicrm_next/automation/automation_engine/templates/admin_console/channel_code_form.html:1-258","","","",""
"LEGACY-S06-007","/admin/channels/new 与 /admin/channels/{channel_id}/edit","载体配置","切换普通二维码或企微获客链接并生成本地 final_url 预览","无","显示对应字段，并根据 link_url 与 customer_channel 本地计算 final_url","这是浏览器本地组合，不是受控 OAuth、企微 contact-way 调用或 provider 回执","UNREVIEWED","NOT_STARTED","NOT_RUN","PENDING_HUMAN_SIGNOFF","6cb989c071255437d75953dabb943318a74eb8f4","aicrm_next/automation/automation_engine/static/admin_console/channel_admission_pages.js:167-178,260-288,625-652","","","",""
"LEGACY-S06-008","/admin/channels/new 与 /admin/channels/{channel_id}/edit","客服分配","读取或刷新企微客服，并维护比例或 24 小时上限","GET /api/admin/common/operation-members?scope=channel_code&page_size=100; POST /api/admin/common/operation-members/sync; POST /api/admin/channels; PATCH /api/admin/channels/{channel_id}","选择器读取人员；用户主动刷新时调用同步；表单仅在至少一名客服、最多五名、比例合计 100 或各上限有效时组装 assignment payload","同步 handler 存在真实企微调用边界但本 Slice 未执行；页面校验不构成客服可达或分配执行，owner scope 与 24 小时限额需 G1 签字","UNREVIEWED","NOT_STARTED","NOT_RUN","PENDING_HUMAN_SIGNOFF","6cb989c071255437d75953dabb943318a74eb8f4","aicrm_next/automation/automation_engine/static/admin_console/channel_admission_pages.js:325-435,516-622,690-733;aicrm_next/app/admin_console/static/admin_console/operation_member_picker.js:4-5,325-331,398-438,492-536;aicrm_next/common_operation_members.py:165-207","","","",""
"LEGACY-S06-009","/admin/channels/new 与 /admin/channels/{channel_id}/edit","欢迎语素材","编辑文本、图片、小程序、附件与进群素材","GET /api/admin/material-picker/items?type={image|miniprogram|attachment}&q={query}&enabled_only=true&limit=50&offset=0; GET /api/admin/automation-conversion/group-ops/group-picker?limit=200; POST /api/admin/automation-conversion/group-ops/group-picker/sync; POST /api/admin/group-invite-bindings/ensure; POST /api/admin/send-content/preview; POST /api/admin/send-content/validate","图片、小程序或附件打开即读取素材；进群素材先读群，needs_sync 时才同步，选中群时才 ensure；内容包按素材上限规范化并写回表单","preview/validate 不创建发送任务；条件同步与 ensure 是独立受控边界，ready/join_url 也不等于已入群、欢迎语已发送或送达","UNREVIEWED","NOT_STARTED","NOT_RUN","PENDING_HUMAN_SIGNOFF","6cb989c071255437d75953dabb943318a74eb8f4","aicrm_next/automation/automation_engine/static/admin_console/channel_admission_pages.js:737-785;aicrm_next/app/admin_console/static/admin_console/send_content_composer.js:67-85,249-312;aicrm_next/engagement/send_content/api.py:27-79;aicrm_next/app/admin_console/static/admin_console/material_picker.js:1-50,118-132;aicrm_next/app/admin_console/static/admin_console/group_chat_picker.js:1-6,110-170;aicrm_next/automation/automation_engine/group_ops/api.py:431-445;aicrm_next/engagement/media_library/api.py:466-481","","","",""
"LEGACY-S06-010","/admin/channels/new 与 /admin/channels/{channel_id}/edit","入渠标签","读取、选择或清除单个企微标签","GET /api/admin/wecom/tags","加载标签目录并把所选标签 ID、名称和组名写入表单","该 GET 属于 P1-S02 跨 Slice 依赖，只记录前端调用；不能把目录读取写成企微标签同步成功","UNREVIEWED","NOT_STARTED","NOT_RUN","PENDING_HUMAN_SIGNOFF","6cb989c071255437d75953dabb943318a74eb8f4","aicrm_next/automation/automation_engine/static/admin_console/channel_admission_pages.js:787-872","","","",""
"LEGACY-S06-011","/admin/channels/new 与 /admin/channels/{channel_id}/edit","保存渠道","新建或更新完整渠道配置","POST /api/admin/channels; PATCH /api/admin/channels/{channel_id}","服务端接受表单 payload；新建成功后跳转到编辑页","保存本地渠道资源与真实企微外部调用分离；不得把 HTTP 成功写成二维码或获客链接已上线","UNREVIEWED","NOT_STARTED","NOT_RUN","PENDING_HUMAN_SIGNOFF","6cb989c071255437d75953dabb943318a74eb8f4","aicrm_next/automation/automation_engine/static/admin_console/channel_admission_pages.js:690-733;aicrm_next/automation/automation_engine/channels_api.py:1042-1072","","","",""
"LEGACY-S06-012","渠道获客链接 API 边界","企微获客助手链接","读取、计划修改、启用、停用或同步链接","GET /api/admin/wecom-customer-acquisition-links; POST /api/admin/wecom-customer-acquisition-links; GET /api/admin/wecom-customer-acquisition-links/{link_id}; PATCH /api/admin/wecom-customer-acquisition-links/{link_id}; DELETE /api/admin/wecom-customer-acquisition-links/{link_id}; POST /api/admin/wecom-customer-acquisition-links/{link_id}/{action}","静态实现返回 fixture 或 next_command 计划信息","adapter_mode=real_blocked、wecom_api_called=false、sync_executed=false；不得迁移为真实企微获客链接事实","UNREVIEWED","NOT_STARTED","NOT_RUN","PENDING_HUMAN_SIGNOFF","6cb989c071255437d75953dabb943318a74eb8f4","aicrm_next/automation/automation_engine/channels_api.py:960-1021","","","",""
"LEGACY-S06-013","/admin/automation-conversion","人群包列表","加载分组和当前分组的人群包","GET /api/admin/ai-audience/package-groups; GET /api/admin/ai-audience/packages?group_id&limit&offset","渲染分组、当前分组包列表、总数与页码","列表显示 member_count、刷新方式和状态；不证明成员快照可直接迁移或已实际外发","UNREVIEWED","NOT_STARTED","NOT_RUN","PENDING_HUMAN_SIGNOFF","6cb989c071255437d75953dabb943318a74eb8f4","aicrm_next/extensions/ai/ai_audience_ops/admin_pages.py:16-39;aicrm_next/extensions/ai/ai_audience_ops/templates/admin_console/ai_audience_package_list.html:101-180;aicrm_next/extensions/ai/ai_audience_ops/admin_api.py:96-129,170-195","","","",""
"LEGACY-S06-014","/admin/automation-conversion","人群包浏览","切换分组、分页并打开空态或错误态","GET /api/admin/ai-audience/packages?group_id&limit&offset","切换后重置页码并渲染选中组的人群包；翻页仅改变 offset","按分组和分页读取不是 Audience refresh，也不变更成员或发送状态","UNREVIEWED","NOT_STARTED","NOT_RUN","PENDING_HUMAN_SIGNOFF","6cb989c071255437d75953dabb943318a74eb8f4","aicrm_next/extensions/ai/ai_audience_ops/templates/admin_console/ai_audience_package_list.html:112-127,153-180","","","",""
"LEGACY-S06-015","/admin/automation-conversion","人群包分组","新增或重命名分组","POST /api/admin/ai-audience/package-groups; PATCH /api/admin/ai-audience/package-groups/{group_id}","保存名称后重新读取分组与包列表","分组操作不创建 Audience、不刷新成员也不触发外发","UNREVIEWED","NOT_STARTED","NOT_RUN","PENDING_HUMAN_SIGNOFF","6cb989c071255437d75953dabb943318a74eb8f4","aicrm_next/extensions/ai/ai_audience_ops/templates/admin_console/ai_audience_package_list.html:129-140;aicrm_next/extensions/ai/ai_audience_ops/admin_api.py:177-188","","","",""
"LEGACY-S06-016","/admin/automation-conversion","人群包分组","删除空分组","DELETE /api/admin/ai-audience/package-groups/{group_id}","服务端确认删除后回到未分组并刷新列表","删除是否允许由服务端结果决定；不得据此抹除人群包或签字证据","UNREVIEWED","NOT_STARTED","NOT_RUN","PENDING_HUMAN_SIGNOFF","6cb989c071255437d75953dabb943318a74eb8f4","aicrm_next/extensions/ai/ai_audience_ops/templates/admin_console/ai_audience_package_list.html:141-145;aicrm_next/extensions/ai/ai_audience_ops/admin_api.py:191-195","","","",""
"LEGACY-S06-017","/admin/automation-conversion","人群包导航","从列表进入人群包详情","GET /admin/automation-conversion/packages/{package_id}","跳转到对应详情页","仅页面导航；详情页载入失败不能被列表状态掩盖","UNREVIEWED","NOT_STARTED","NOT_RUN","PENDING_HUMAN_SIGNOFF","6cb989c071255437d75953dabb943318a74eb8f4","aicrm_next/extensions/ai/ai_audience_ops/templates/admin_console/ai_audience_package_list.html:153-173;aicrm_next/extensions/ai/ai_audience_ops/admin_pages.py:42-69","","","",""
"LEGACY-S06-018","/admin/automation-conversion","人群包生命周期","复制、停止、启用或删除人群包","POST /api/admin/ai-audience/packages/{package_id}/copy; POST /api/admin/ai-audience/packages/{package_id}/pause; POST /api/admin/ai-audience/packages/{package_id}/activate; DELETE /api/admin/ai-audience/packages/{package_id}","执行本地包状态或归档操作后重载列表","停止或启用人群包不等于发送、回调订阅或 provider 侧状态变化；删除 API 实际为 archive 语义需 G1 确认","UNREVIEWED","NOT_STARTED","NOT_RUN","PENDING_HUMAN_SIGNOFF","6cb989c071255437d75953dabb943318a74eb8f4","aicrm_next/extensions/ai/ai_audience_ops/templates/admin_console/ai_audience_package_list.html:153-173;aicrm_next/extensions/ai/ai_audience_ops/admin_api.py:233-258","","","",""
"LEGACY-S06-019","/admin/automation-conversion","人群包群发入口","从人群包打开批量内容确认框","GET /api/admin/material-picker/items?type={image|miniprogram|attachment}&q={query}&enabled_only=true&limit=50&offset=0; GET /api/admin/automation-conversion/group-ops/group-picker?limit=200; POST /api/admin/automation-conversion/group-ops/group-picker/sync; POST /api/admin/group-invite-bindings/ensure; POST /api/admin/user-ops/batch-send/preview; POST /api/admin/user-ops/batch-send/execute","打开内容确认组件；素材选择可条件同步群或 ensure 邀请，确认后把 package_id 作为 target_source 提交给 User Ops","素材 picker 的 sync/ensure 与 User Ops 都是受控边界；ready/join_url 和 pending_review/draft 均不是已入群、已发送或已送达","UNREVIEWED","NOT_STARTED","NOT_RUN","PENDING_HUMAN_SIGNOFF","6cb989c071255437d75953dabb943318a74eb8f4","aicrm_next/extensions/ai/ai_audience_ops/templates/admin_console/ai_audience_package_list.html:95-98,169-173;aicrm_next/app/admin_console/static/admin_console/user_ops_batch_send_modal.js:72-146;aicrm_next/app/admin_console/static/admin_console/send_content_composer.js:249-312;aicrm_next/engagement/send_content/api.py:58-79;aicrm_next/app/admin_console/static/admin_console/material_picker.js:1-50,118-132;aicrm_next/app/admin_console/static/admin_console/group_chat_picker.js:1-6,110-170;aicrm_next/automation/automation_engine/group_ops/api.py:431-445;aicrm_next/engagement/media_library/api.py:466-481","","","",""
"LEGACY-S06-020","/admin/automation-conversion/packages/{package_id}","人群包详情加载","初始化基本配置、分组、绑定、发送人和成员面板","GET /api/admin/ai-audience/packages/{package_id}; GET /api/admin/ai-audience/package-groups; GET /api/admin/ai-audience/packages/{package_id}/automation-binding; GET /api/admin/ai-audience/packages/{package_id}/senders; GET /api/admin/ai-audience/packages/{package_id}/members","渲染摘要、配置面板和初始读模型状态","并行读失败只形成页面错误；成员数和刷新时间不是新系统的已验收事实","UNREVIEWED","NOT_STARTED","NOT_RUN","PENDING_HUMAN_SIGNOFF","6cb989c071255437d75953dabb943318a74eb8f4","aicrm_next/extensions/ai/ai_audience_ops/templates/admin_console/ai_audience_package_detail.html:457-482,666-710,797-807,1000-1108;aicrm_next/extensions/ai/ai_audience_ops/admin_api.py:170-202,261-265,327-375","","","",""
"LEGACY-S06-021","/admin/automation-conversion/packages/{package_id}","基础配置","保存名称、自然语言筛选描述、分组与刷新方式","PATCH /api/admin/ai-audience/packages/{package_id}","保存后用返回的 package 刷新摘要；刷新方式可为 manual、incremental_3m、daily_0200 组合","保存刷新策略不等于立即刷新成员；旧动态 SQL、外部身份和 OFFSET 语义不能直接迁移到 v2","UNREVIEWED","NOT_STARTED","NOT_RUN","PENDING_HUMAN_SIGNOFF","6cb989c071255437d75953dabb943318a74eb8f4","aicrm_next/extensions/ai/ai_audience_ops/templates/admin_console/ai_audience_package_detail.html:504-541,764-822;aicrm_next/extensions/ai/ai_audience_ops/admin_api.py:205-209","","","",""
"LEGACY-S06-022","/admin/automation-conversion/packages/{package_id}","模板与筛选条件","加载模板、预览结果并保存新模板版本","GET /api/admin/ai-audience/templates; POST /api/admin/ai-audience/packages/{package_id}/template-preview; PUT /api/admin/ai-audience/packages/{package_id}/template-config","选定模板且人群包未 active 时可独立预览或保存；保存后展示预览并保持停止状态","预览或保存模板配置不产生外发；0 人结果与历史 SQL 兼容语义均需 G1 产品签字","UNREVIEWED","NOT_STARTED","NOT_RUN","PENDING_HUMAN_SIGNOFF","6cb989c071255437d75953dabb943318a74eb8f4","aicrm_next/extensions/ai/ai_audience_ops/templates/admin_console/ai_audience_package_detail.html:519-537,671-674,1102-1108;aicrm_next/app/admin_console/static/admin_console/template_parameter_form.js:252-349;aicrm_next/extensions/ai/ai_audience_ops/admin_api.py:32-93","","","",""
"LEGACY-S06-023","/admin/automation-conversion/packages/{package_id}","自动化话术能力","加载、绑定或解除一对一自动化能力","GET /api/admin/automation-agents; GET /api/admin/ai-audience/packages/{package_id}/automation-binding; PUT /api/admin/ai-audience/packages/{package_id}/automation-binding; DELETE /api/admin/ai-audience/packages/{package_id}/automation-binding","选择未停止且未被其他包占用的能力，并保存或解除绑定","绑定只建立本地关系；暂停能力不再接收新增成员，不代表已有消息已经发送或停止外部任务","UNREVIEWED","NOT_STARTED","NOT_RUN","PENDING_HUMAN_SIGNOFF","6cb989c071255437d75953dabb943318a74eb8f4","aicrm_next/extensions/ai/ai_audience_ops/templates/admin_console/ai_audience_package_detail.html:824-836,1064-1075;aicrm_next/app/admin_console/static/admin_console/automation_capability_selector.js:27-37,88-145;aicrm_next/extensions/ai/ai_audience_ops/admin_api.py:327-368;aicrm_next/extensions/ai/automation_agents/admin_api.py:45-59","","","",""
"LEGACY-S06-024","/admin/automation-conversion/packages/{package_id}","发送人白名单","读取或刷新人员，选择、更换、排序、停用、删除并保存发送人","GET /api/admin/common/operation-members?scope=ai_audience&page_size=100; POST /api/admin/common/operation-members/sync; GET /api/admin/ai-audience/packages/{package_id}/senders; PUT /api/admin/ai-audience/packages/{package_id}/senders","选择器读取人员；用户主动刷新时调用同步；页面限制最多五名且禁止重复 sender_userid，保存后重绘列表","同步 handler 存在真实企微调用边界但本 Slice 未执行；白名单仍只表示计划选择，不证明 sender 权限或任一发送已发生","UNREVIEWED","NOT_STARTED","NOT_RUN","PENDING_HUMAN_SIGNOFF","6cb989c071255437d75953dabb943318a74eb8f4","aicrm_next/extensions/ai/ai_audience_ops/templates/admin_console/ai_audience_package_detail.html:558-582,838-1009;aicrm_next/extensions/ai/ai_audience_ops/admin_api.py:371-380;aicrm_next/app/admin_console/static/admin_console/operation_member_picker.js:4-5,325-331,398-438,492-536;aicrm_next/common_operation_members.py:165-207","","","",""
"LEGACY-S06-025","/admin/automation-conversion/packages/{package_id}","成员列表","加载或刷新最多 50 名人群成员","GET /api/admin/ai-audience/packages/{package_id}/members?limit=50&offset=0","展示昵称、external_userid 和进入时间","成员展示为旧读模型；不得把 external_userid 视为 v2 customers 主键或已验证身份桥接","UNREVIEWED","NOT_STARTED","NOT_RUN","PENDING_HUMAN_SIGNOFF","6cb989c071255437d75953dabb943318a74eb8f4","aicrm_next/extensions/ai/ai_audience_ops/templates/admin_console/ai_audience_package_detail.html:585-607,1011-1030,1083-1087;aicrm_next/extensions/ai/ai_audience_ops/admin_api.py:261-265","","","",""
"LEGACY-S06-026","/admin/automation-conversion/packages/{package_id}","发送记录","分页查看记录并打开单条发送明细","GET /api/admin/ai-audience/packages/{package_id}/send-records; GET /api/admin/ai-audience/packages/{package_id}/send-records/{record_id}","进入记录面板后按 20 条分页读取，抽屉展示状态、技术尝试次数和失败原因","status、technical_attempt_count、provider_result_received 等字段须区分；没有 receipt 时不得称已送达","UNREVIEWED","NOT_STARTED","NOT_RUN","PENDING_HUMAN_SIGNOFF","6cb989c071255437d75953dabb943318a74eb8f4","aicrm_next/extensions/ai/ai_audience_ops/templates/admin_console/ai_audience_package_detail.html:609-656;aicrm_next/app/admin_console/static/admin_console/ai_audience_send_records.js:109-201;aicrm_next/extensions/ai/ai_audience_ops/admin_api.py:268-308","","","",""
"LEGACY-S06-027","AI Audience Webhook API 边界","订阅与入站回调","请求出站订阅配置或接收入站 webhook","GET /api/ai/audience/packages/{package_id}/outbound-subscriptions; POST /api/ai/audience/packages/{package_id}/outbound-subscriptions; PATCH /api/ai/audience/outbound-subscriptions/{subscription_id}; POST /api/ai/audience/outbound-subscriptions/{subscription_id}/pause; POST /api/ai/audience/packages/{package_key}/webhook","旧出站订阅配置面固定返回 410；入站 endpoint 仅处理请求并返回内部结果","不能复活旧开放 webhook 配置；回调记录或内部 outbox 不等于外发效果或送达，v2 必须受控地址、HMAC、SSRF 防护与投递状态查询","UNREVIEWED","NOT_STARTED","NOT_RUN","PENDING_HUMAN_SIGNOFF","6cb989c071255437d75953dabb943318a74eb8f4","aicrm_next/extensions/ai/ai_audience_ops/api.py:163-200;aicrm_next/extensions/ai/ai_audience_ops/admin_api.py:311-324","","","",""
"LEGACY-S06-028","/admin/automation-conversion/group-ops/ui","群运营计划列表","加载计划、队列计数与运营成员选项","GET /api/admin/automation-conversion/group-ops/plans; GET /api/admin/common/operation-members?scope=group_ops&page_size=100","渲染计划列表、运营成员和创建入口","普通控制面读取不直接拥有企微 provider adapter；队列计数不等于已发送数量","UNREVIEWED","NOT_STARTED","NOT_RUN","PENDING_HUMAN_SIGNOFF","6cb989c071255437d75953dabb943318a74eb8f4","aicrm_next/automation/automation_engine/group_ops/static/admin_console/group_ops.js:40-53,701-760;aicrm_next/automation/automation_engine/group_ops/api.py:234-293;aicrm_next/common_operation_members.py:165-179","","","",""
"LEGACY-S06-029","/admin/automation-conversion/group-ops/ui","计划生命周期","选择或刷新运营人员，并创建、启用、停用或归档计划","GET /api/admin/common/operation-members?scope=group_ops&page_size=100; POST /api/admin/common/operation-members/sync; POST /api/admin/automation-conversion/group-ops/plans; POST /api/admin/automation-conversion/group-ops/plans/{plan_id}/enable; POST /api/admin/automation-conversion/group-ops/plans/{plan_id}/disable; DELETE /api/admin/automation-conversion/group-ops/plans/{plan_id}","选择器读取人员，用户主动刷新时调用同步；创建草稿后跳转详情，状态操作后重载列表","人员同步存在真实企微调用边界但本 Slice 未执行；计划 active 也不代表 run-due、消息发送或群成员同步完成","UNREVIEWED","NOT_STARTED","NOT_RUN","PENDING_HUMAN_SIGNOFF","6cb989c071255437d75953dabb943318a74eb8f4","aicrm_next/automation/automation_engine/group_ops/static/admin_console/group_ops.js:363-432,462-510,715-760;aicrm_next/automation/automation_engine/group_ops/api.py:296-341;aicrm_next/app/admin_console/static/admin_console/operation_member_picker.js:4-5,255-295,325-346,398-438,489-536;aicrm_next/common_operation_members.py:165-207","","","",""
"LEGACY-S06-030","/admin/automation-conversion/group-ops/plans/{plan_id}","计划基础配置","读取或刷新运营人员，并保存名称、类型、运营成员与状态","GET /api/admin/common/operation-members?scope=group_ops&page_size=100; POST /api/admin/common/operation-members/sync; GET /api/admin/automation-conversion/group-ops/plans/{plan_id}; PUT /api/admin/automation-conversion/group-ops/plans/{plan_id}","载入计划详情；选择器读取人员，用户主动刷新时调用同步；保存基础字段后重新读取详情","人员同步存在真实企微调用边界但本 Slice 未执行；类型切换需产品和安全签字，保存计划不触发消息或 webhook 投递","UNREVIEWED","NOT_STARTED","NOT_RUN","PENDING_HUMAN_SIGNOFF","6cb989c071255437d75953dabb943318a74eb8f4","aicrm_next/automation/automation_engine/group_ops/static/admin_console/group_ops.js:363-432,513-536,786-815,1116-1153;aicrm_next/automation/automation_engine/group_ops/api.py:304-317;aicrm_next/app/admin_console/static/admin_console/operation_member_picker.js:4-5,255-295,325-346,398-438,489-536;aicrm_next/common_operation_members.py:165-207","","","",""
"LEGACY-S06-031","/admin/automation-conversion/group-ops/plans/{plan_id}","绑定群","查看可管理群、批量绑定或移除绑定群","GET /api/admin/automation-conversion/group-ops/groups?owner_userid; GET /api/admin/automation-conversion/group-ops/plans/{plan_id}/groups; POST /api/admin/automation-conversion/group-ops/plans/{plan_id}/groups; DELETE /api/admin/automation-conversion/group-ops/plans/{plan_id}/groups/{chat_id}","根据 owner/admin 资格筛出可选群，绑定或移除后刷新详情","群资产为本地投影；绑定成功不表示企微群存在、群成员已同步或计划已经发送","UNREVIEWED","NOT_STARTED","NOT_RUN","PENDING_HUMAN_SIGNOFF","6cb989c071255437d75953dabb943318a74eb8f4","aicrm_next/automation/automation_engine/group_ops/static/admin_console/group_ops.js:538-606,786-907,1156-1168;aicrm_next/automation/automation_engine/group_ops/api.py:344-365,400-420","","","",""
"LEGACY-S06-032","/admin/automation-conversion/group-ops/plans/{plan_id}","群资产刷新","按运营成员刷新名下群聊","POST /api/admin/automation-conversion/group-ops/groups/sync; GET /api/admin/automation-conversion/group-ops/groups?owner_userid","提交 owner_userid、limit 和 operator 后更新本地群资产并重读列表","同步 API 不具备发送语义；fake 或 snapshot 资产不得迁移为真实企微群事实","UNREVIEWED","NOT_STARTED","NOT_RUN","PENDING_HUMAN_SIGNOFF","6cb989c071255437d75953dabb943318a74eb8f4","aicrm_next/automation/automation_engine/group_ops/static/admin_console/group_ops.js:608-637;aicrm_next/automation/automation_engine/group_ops/api.py:447-452","","","",""
"LEGACY-S06-033","/admin/automation-conversion/group-ops/plans/{plan_id}","标准编排节点","新增、编辑、删除动作并配置话术和素材","GET /api/admin/material-picker/items?type={image|miniprogram|attachment}&q={query}&enabled_only=true&limit=50&offset=0; GET /api/admin/automation-conversion/group-ops/group-picker?limit=200; POST /api/admin/automation-conversion/group-ops/group-picker/sync; POST /api/admin/group-invite-bindings/ensure; GET /api/admin/automation-conversion/group-ops/plans/{plan_id}/nodes; POST /api/admin/automation-conversion/group-ops/plans/{plan_id}/nodes; PUT /api/admin/automation-conversion/group-ops/plans/{plan_id}/nodes/{node_id}; DELETE /api/admin/automation-conversion/group-ops/plans/{plan_id}/nodes/{node_id}; POST /api/admin/send-content/preview; POST /api/admin/send-content/validate","节点保存 day、时间、内容包、顺序和状态；素材选择可条件同步群并在选中时 ensure 邀请，编辑器负责规范化内容","配置节点与 picker 的 ready/join_url 均不等于已入群或到期执行；历史附件提示不授权迁移旧素材或发送记录","UNREVIEWED","NOT_STARTED","NOT_RUN","PENDING_HUMAN_SIGNOFF","6cb989c071255437d75953dabb943318a74eb8f4","aicrm_next/automation/automation_engine/group_ops/static/admin_console/group_ops.js:659-688,936-960,978-1059;aicrm_next/automation/automation_engine/group_ops/api.py:368-397;aicrm_next/app/admin_console/static/admin_console/send_content_composer.js:67-85,249-312;aicrm_next/engagement/send_content/api.py:27-79;aicrm_next/app/admin_console/static/admin_console/material_picker.js:1-50,118-132;aicrm_next/app/admin_console/static/admin_console/group_chat_picker.js:1-6,110-170;aicrm_next/automation/automation_engine/group_ops/api.py:431-445;aicrm_next/engagement/media_library/api.py:466-481","","","",""
"LEGACY-S06-034","/admin/automation-conversion/group-ops/plans/{plan_id}","Webhook 接收计划","读取 webhook URL 与复制地址","GET /api/admin/automation-conversion/group-ops/plans/{plan_id}/webhook","仅对 webhook 类型渲染 URL 和 HTTP Message Signatures 标识；复制使用浏览器剪贴板","页面显示 URL 不是任意目标可配能力，不产生投递；签名、allowlist、SSRF 和幂等需要 v2 独立合同","UNREVIEWED","NOT_STARTED","NOT_RUN","PENDING_HUMAN_SIGNOFF","6cb989c071255437d75953dabb943318a74eb8f4","aicrm_next/automation/automation_engine/group_ops/static/admin_console/group_ops.js:691-699,786-815,1062-1092;aicrm_next/automation/automation_engine/group_ops/api.py:473-478","","","",""
"LEGACY-S06-035","Group Ops 外发 API 边界","到期执行、token 群发和入站 webhook","预览或提交到期执行、token 群发和入站 webhook","POST /api/admin/automation-conversion/group-ops/plans/{plan_id}/run-due/preview; POST /api/admin/automation-conversion/group-ops/plans/{plan_id}/run-due; POST /api/automation/group-ops/broadcast; POST /api/automation/group-ops/webhooks/{webhook_key}","run-due 与 broadcast 可返回计划或 202 接受结果；webhook 有幂等键入口","202、queued 或 accepted 仅表示命令被接受或 effect graph 已建立；不是 provider 已调用、更不是消息送达，需 receipt 与 unknown_after_dispatch 对账","UNREVIEWED","NOT_STARTED","NOT_RUN","PENDING_HUMAN_SIGNOFF","6cb989c071255437d75953dabb943318a74eb8f4","aicrm_next/automation/automation_engine/group_ops/api.py:455-470,638-699","","","",""
"LEGACY-S06-036","/admin/user-ops","运营总览与筛选","加载总览、班期选项、列表、卡片筛选、关键词、手机号与选择集","GET /api/admin/user-ops/overview; GET /api/admin/user-ops/list","按当前筛选重新渲染卡片、列表和可发送选择集","用户运营池是旧读模型；缺少 external_userid 的记录不可群发，页面计数不能作为迁移后身份事实","UNREVIEWED","NOT_STARTED","NOT_RUN","PENDING_HUMAN_SIGNOFF","6cb989c071255437d75953dabb943318a74eb8f4","aicrm_next/app/admin_console/templates/admin_user_ops.html:820-862,1062-1177,1215-1228;aicrm_next/automation/ops_enrollment/api.py:53-140","","","",""
"LEGACY-S06-037","/admin/user-ops","客户详情与时间线","打开客户抽屉并读取详情和最近 20 条时间线","GET /api/customers/{external_userid}; GET /api/customers/{external_userid}/timeline?limit=20","展示昵称、手机号、负责人、绑定、报名状态与时间线","两个读取端点属于 P1-S02 跨 Slice 依赖；external_userid 不是 v2 OneID，不能由页面调用推导 verified identity","UNREVIEWED","NOT_STARTED","NOT_RUN","PENDING_HUMAN_SIGNOFF","6cb989c071255437d75953dabb943318a74eb8f4","aicrm_next/app/admin_console/templates/admin_user_ops.html:1238-1287","","","",""
"LEGACY-S06-038","/admin/user-ops","免打扰","设置或取消客户的人工免打扰","POST /api/admin/user-ops/do-not-disturb","提交客户选择和理由后重新加载当前总览与列表","免打扰只影响本地候选筛选；include_do_not_disturb 的二次确认仍需在新系统保留并审计","UNREVIEWED","NOT_STARTED","NOT_RUN","PENDING_HUMAN_SIGNOFF","6cb989c071255437d75953dabb943318a74eb8f4","aicrm_next/app/admin_console/templates/admin_user_ops.html:1189-1208,1289-1296;aicrm_next/automation/ops_enrollment/api.py:228-235","","","",""
"LEGACY-S06-039","/admin/user-ops","导出","导出当前筛选结果","GET /api/admin/user-ops/export","浏览器导航到导出 endpoint","当前实现固定返回 stubbed 空 items；不得声称已导出真实 PII 或可用于迁移","UNREVIEWED","NOT_STARTED","NOT_RUN","PENDING_HUMAN_SIGNOFF","6cb989c071255437d75953dabb943318a74eb8f4","aicrm_next/app/admin_console/templates/admin_user_ops.html:1566-1569;aicrm_next/automation/ops_enrollment/api.py:269-272","","","",""
"LEGACY-S06-040","/admin/user-ops","群发内容与预览","选择文本、图片、小程序并计算可发送目标","GET /api/admin/miniprogram-library; POST /api/admin/user-ops/batch-send/preview","构造选择集、默认排除免打扰和缺失 external_userid，展示 eligible_count、跳过摘要与最终目标预览","预览不发送；小程序素材库是跨 Slice 依赖，图片和附件内容需要 v2 的安全校验与受控存储合同","UNREVIEWED","NOT_STARTED","NOT_RUN","PENDING_HUMAN_SIGNOFF","6cb989c071255437d75953dabb943318a74eb8f4","aicrm_next/app/admin_console/templates/admin_user_ops.html:937-978,1298-1349,1399-1432;aicrm_next/automation/ops_enrollment/api.py:190-195","","","",""
"LEGACY-S06-041","/admin/user-ops","批量群发提交","确认群发并创建 AI 助手审核计划","POST /api/admin/user-ops/batch-send/execute","请求 confirm=true 后显示已提交 AI 助手审批，并仅在 review_status=pending_review 且有 plan_url 时跳转","该公开流程的强语义仅为 pending_review/draft；broadcast job=0、effect ids 为空、sent=0 的旧事实不得改写为已发送","UNREVIEWED","NOT_STARTED","NOT_RUN","PENDING_HUMAN_SIGNOFF","6cb989c071255437d75953dabb943318a74eb8f4","aicrm_next/app/admin_console/templates/admin_user_ops.html:1434-1458;aicrm_next/app/admin_console/static/admin_console/user_ops_batch_send_modal.js:98-116;aicrm_next/automation/ops_enrollment/api.py:220-225","","","",""
"LEGACY-S06-042","/admin/user-ops","发送记录","加载记录、查看单条任务结果并刷新状态","GET /api/admin/user-ops/send-records; GET /api/admin/user-ops/send-records/{record_id}; POST /api/admin/user-ops/send-records/{record_id}/refresh","显示 selected、eligible、sent、skipped、sender task、msgid 与刷新状态","记录的 sent_count、task_id 或 msgid 不是 delivery receipt；刷新不得把 unknown_after_dispatch 自动写成可安全重试或送达","UNREVIEWED","NOT_STARTED","NOT_RUN","PENDING_HUMAN_SIGNOFF","6cb989c071255437d75953dabb943318a74eb8f4","aicrm_next/app/admin_console/templates/admin_user_ops.html:1361-1397,1460-1527;aicrm_next/automation/ops_enrollment/api.py:238-266","","","",""
"LEGACY-S06-043","企微回调与认证外部入口","callback ACK 与 OAuth","校验企微 callback、持久化 ingress、返回加密 ACK；发起或处理企微 SSO","GET /wecom/external-contact/callback; POST /wecom/external-contact/callback; GET /api/wecom/events; POST /api/wecom/events; GET /auth/wecom/start; GET /auth/wecom/callback","callback 成功后返回 encrypted_success_reply，源码另为 HEAD/OPTIONS 返回空响应；OAuth 返回授权跳转、浏览器会话，或明确 blocked/login 回退","callback durable ACK 与后续 identity、welcome、tag 或 effect 是不同阶段；OAuth code exchange、state replay、cookie 与真实企微调用均未运行，必须 fail-closed 并留 G1","UNREVIEWED","NOT_STARTED","NOT_RUN","PENDING_HUMAN_SIGNOFF","6cb989c071255437d75953dabb943318a74eb8f4","aicrm_next/channels/channel_entry/api.py:30-64;aicrm_next/channels/auth_wecom/api.py:97-144","","","",""
"LEGACY-S06-044","外部效果与 Push Center API 边界","队列命令、诊断与投影视图","读取队列、预览或提交 run-due、retry、cancel、查看 Push Center 任务与对账","GET /api/admin/external-effects/jobs; GET /api/admin/external-effects/diagnostics; POST /api/admin/external-effects/run-due; POST /api/admin/external-effects/jobs/{job_id}/retry; POST /api/admin/external-effects/jobs/{job_id}/cancel; GET /api/admin/push-center/sections; GET /api/admin/push-center/jobs; GET /api/admin/push-center/jobs/{job_id}/reconciliation; GET /api/admin/push-center/stats","查询返回脱敏队列或投影；非 dry-run 队列命令可返回 202 accepted","queued、accepted 与 projection status 不证明 provider 调用；provider_accepted 只证明 provider 接受，仍不等于 receipt 或送达；unknown_after_dispatch 必须保留重复风险、人工确认和独立 reconciliation","UNREVIEWED","NOT_STARTED","NOT_RUN","PENDING_HUMAN_SIGNOFF","6cb989c071255437d75953dabb943318a74eb8f4","aicrm_next/platform/platform_foundation/external_effects/api.py:185-258,315-415,485-546;aicrm_next/platform/platform_foundation/push_center/api.py:127-270","","","",""
